{
    "variants": {
        "distance=7,persistent=true": [
            {
                "model": "block/azalea_leaves"
            }
        ],
        "distance=1,persistent=true": [
            {
                "model": "block/azalea_leaves"
            }
        ],
        "distance=2,persistent=true": [
            {
                "model": "block/orange_leaves"
            }
        ],
        "distance=3,persistent=true": [
            {
                "model": "block/azalea_leaves"
            }
        ],
        "distance=4,persistent=true": [
            {
                "model": "block/azalea_leaves"
            }
        ],
        "distance=5,persistent=true": [
            {
                "model": "block/azalea_leaves"
            }
        ],
        "distance=1,persistent=false": [
            {
                "model": "block/azalea_leaves"
            }
        ],
        "distance=2,persistent=false": [
            {
                "model": "block/azalea_leaves"
            }
        ],
        "distance=3,persistent=false": [
            {
                "model": "block/azalea_leaves"
            }
        ],
        "distance=4,persistent=false": [
            {
                "model": "block/azalea_leaves"
            }
        ],
        "distance=5,persistent=false": [
            {
                "model": "block/azalea_leaves"
            }
        ]
    }
}