{
    "providers": [
        {
            "file": "custom_escape:internal/square.png",
            "chars": [
                "\uEFFF"
            ],
            "height": -209,
            "ascent": -10000,
            "type": "bitmap"
        },
        {
            "type": "bitmap",
            "file": "custom_escape:escape_menu/logo.png",
            "height": 80,
            "ascent": 45,
            "chars": [
                "\uEF00"
            ]
        },
        {
            "type": "bitmap",
            "file": "custom_escape:escape_menu/back_to_game.png",
            "height": 120,
            "ascent": 113,
            "chars": [
                "\uEF01"
            ]
        },
        {
            "type": "bitmap",
            "file": "custom_escape:escape_menu/quit.png",
            "height": 120,
            "ascent": 112,
            "chars": [
                "\uEF02"
            ]
        },
        {
            "type": "bitmap",
            "file": "custom_escape:escape_menu/bottom_card.png",
            "height": 121,
            "ascent": -5,
            "chars": [
                "\uEF03"
            ]
        }
    ]
}
